"id","name","code","level","created_at","updated_at"
1,"portafolio-de-titulo","pts5103",5,2023-09-26 19:57:13,2023-09-26 19:57:13
2,"internado","pps5103",5,2023-09-26 19:57:13,2023-09-26 19:57:13
3,"proceso-de-portafolio-3","aps3510",3,2023-09-26 19:57:13,2023-09-26 19:57:13
4,"portafolio-de-titulo","pts5085",5,2023-09-26 19:57:13,2023-09-26 19:57:13
5,"internado","pps5085",5,2023-09-26 19:57:13,2023-09-26 19:57:13
6,"proceso-de-portafolio-3","aps3508",3,2023-09-26 19:57:13,2023-09-26 19:57:13
7,"portafolio-de-titulo","pts5015",5,2023-09-26 19:57:13,2023-09-26 19:57:13
8,"internado","pps5015",5,2023-09-26 19:57:13,2023-09-26 19:57:13
9,"proceso-de-portafolio-3","aps3501",3,2023-09-26 19:57:13,2023-09-26 19:57:13
10,"proceso-de-portafolio-final","ps31503",3,2023-09-26 19:57:13,2023-09-26 19:57:13
11,"proceso-de-portafolio-final","ps31502",3,2023-09-26 19:57:13,2023-09-26 19:57:13
12,"practica-profesional","pps5075",5,2023-09-26 19:57:13,2023-09-26 19:57:13
13,"proceso-de-portafolio-3","aps3507",3,2023-09-26 19:57:13,2023-09-26 19:57:13
14,"practica-profesional","pps5071",5,2023-09-26 19:57:13,2023-09-26 19:57:13
15,"practica-profesional","ppr8909",5,2023-09-26 19:57:13,2023-09-26 19:57:13
16,"proceso-de-portafolio-3","apr3890",0,2023-09-26 19:57:13,2023-09-26 19:57:13
17,"practica-profesional","ppr8900",5,2023-09-26 19:57:13,2023-09-26 19:57:13
18,"practica-profesional","ppr7862",5,2023-09-26 19:57:13,2023-09-26 19:57:13
19,"practica-profesional","ppr7852",5,2023-09-26 19:57:13,2023-09-26 19:57:13
20,"proceso-de-portafolio-3","apr3785",3,2023-09-26 19:57:13,2023-09-26 19:57:13
21,"practica-profesional","ppr7843",5,2023-09-26 19:57:13,2023-09-26 19:57:13
22,"proceso-de-portafolio-3","apr3784",3,2023-09-26 19:57:13,2023-09-26 19:57:13
23,"practica-profesional","ppr8895",5,2023-09-26 19:57:13,2023-09-26 19:57:13
24,"proceso-de-portafolio-3","apr3889",3,2023-09-26 19:57:13,2023-09-26 19:57:13
25,"practica-profesional","ppr5889",5,2023-09-26 19:57:13,2023-09-26 19:57:13
26,"proceso-de-portafolio-final","pr71781",7,2023-09-26 19:57:13,2023-09-26 19:57:13
27,"practica-laboral","plr7813",5,2023-09-26 19:57:13,2023-09-26 19:57:13
28,"proceso-de-portafolio-5","apr5781",5,2023-09-26 19:57:13,2023-09-26 19:57:13
29,"proceso-de-portafolio-3","apr3781",3,2023-09-26 19:57:13,2023-09-26 19:57:13
30,"proceso-de-portafolio-final","pr71782",7,2023-09-26 19:57:13,2023-09-26 19:57:13
31,"practica-laboral","plr7823",5,2023-09-26 19:57:13,2023-09-26 19:57:13
32,"proceso-de-portafolio-5","apr5782",5,2023-09-26 19:57:13,2023-09-26 19:57:13
33,"proceso-de-portafolio-3","apr3782",3,2023-09-26 19:57:13,2023-09-26 19:57:13
34,"practica-profesional","ppl7101",8,2023-09-26 19:57:13,2023-09-26 19:57:13
35,"practica-profesional","ppi4802",5,2023-09-26 19:57:14,2023-09-26 19:57:14
36,"proceso-de-portafolio-3","api3480",3,2023-09-26 19:57:14,2023-09-26 19:57:14
37,"practica-profesional","ppi4186",5,2023-09-26 19:57:14,2023-09-26 19:57:14
38,"proceso-de-portafolio-3","api3418",3,2023-09-26 19:57:14,2023-09-26 19:57:14
39,"practica-profesional","ppi4763",5,2023-09-26 19:57:14,2023-09-26 19:57:14
40,"proceso-de-portafolio-3","api3476",3,2023-09-26 19:57:14,2023-09-26 19:57:14
41,"practica-laboral","pli4751",5,2023-09-26 19:57:14,2023-09-26 19:57:14
42,"proceso-de-portafolio-final","pi71463",7,2023-09-26 19:57:14,2023-09-26 19:57:14
43,"practica-laboral","pli4633",5,2023-09-26 19:57:14,2023-09-26 19:57:14
44,"proceso-de-portafolio-5","api5463",5,2023-09-26 19:57:14,2023-09-26 19:57:14
45,"proceso-de-portafolio-3","api3463",3,2023-09-26 19:57:14,2023-09-26 19:57:14
46,"proceso-de-portafolio-final","pi71475",7,2023-09-26 19:57:14,2023-09-26 19:57:14
47,"practica-laboral","pli4753",5,2023-09-26 19:57:14,2023-09-26 19:57:14
48,"proceso-de-portafolio-5","api5475",5,2023-09-26 19:57:14,2023-09-26 19:57:14
49,"proceso-de-portafolio-3","api3475",3,2023-09-26 19:57:14,2023-09-26 19:57:14
50,"proceso-de-portafolio-final","py71461",7,2023-09-26 19:57:14,2023-09-26 19:57:14
51,"practica-laboral","ply4614",5,2023-09-26 19:57:14,2023-09-26 19:57:14
52,"proceso-de-portafolio-5","apy5461",5,2023-09-26 19:57:14,2023-09-26 19:57:14
53,"proceso-de-portafolio-3","apy3461",3,2023-09-26 19:57:14,2023-09-26 19:57:14
54,"proceso-de-portafolio-1","apy4614",1,2023-09-26 19:57:14,2023-09-26 19:57:14
55,"practica-profesional","ppy4613",8,2023-09-26 19:57:14,2023-09-26 19:57:14
56,"practica-laboral","ply4613",5,2023-09-26 19:57:14,2023-09-26 19:57:14
57,"proceso-de-portafolio-final","py71462",7,2023-09-26 19:57:14,2023-09-26 19:57:14
58,"practica-laboral","ply4624",5,2023-09-26 19:57:14,2023-09-26 19:57:14
59,"proceso-de-portafolio-5","apy5462",5,2023-09-26 19:57:14,2023-09-26 19:57:14
60,"proceso-de-portafolio-3","apy3462",3,2023-09-26 19:57:14,2023-09-26 19:57:14
61,"practica-laboral","ply4621",5,2023-09-26 19:57:14,2023-09-26 19:57:14
62,"practica-laboral","plt5462",5,2023-09-26 19:57:14,2023-09-26 19:57:14
63,"practica-profesional","ppy4478",5,2023-09-26 19:57:14,2023-09-26 19:57:14
64,"proceso-de-portafolio-3","apy3447",3,2023-09-26 19:57:14,2023-09-26 19:57:14
65,"practica-profesional","ppa5447",5,2023-09-26 19:57:14,2023-09-26 19:57:14
66,"proceso-de-portafolio-3","apy3473",3,2023-09-26 19:57:14,2023-09-26 19:57:14
67,"practica-profesional","ppy4451",5,2023-09-26 19:57:14,2023-09-26 19:57:14
68,"proceso-de-portafolio-3","apy3445",3,2023-09-26 19:57:14,2023-09-26 19:57:14
69,"practica-profesional","ppk2229",5,2023-09-26 19:57:14,2023-09-26 19:57:14
70,"proceso-de-portafolio-3","apk3222",3,2023-09-26 19:57:14,2023-09-26 19:57:14
71,"proceso-de-portafolio-1","apk2229",1,2023-09-26 19:57:14,2023-09-26 19:57:14
72,"proceso-de-portafolio-final","pk71440",7,2023-09-26 19:57:14,2023-09-26 19:57:14
73,"practica-laboral","plk4404",5,2023-09-26 19:57:14,2023-09-26 19:57:14
74,"proceso-de-portafolio-5","apk5440",5,2023-09-26 19:57:14,2023-09-26 19:57:14
75,"proceso-de-portafolio-3","apk3440",3,2023-09-26 19:57:14,2023-09-26 19:57:14
76,"proceso-de-portafolio-final","pk71431",7,2023-09-26 19:57:14,2023-09-26 19:57:14
77,"proceso-de-portafolio-5","apk5431",5,2023-09-26 19:57:14,2023-09-26 19:57:14
78,"proceso-de-portafolio-3","apk3431",3,2023-09-26 19:57:14,2023-09-26 19:57:14
79,"proceso-de-portafolio-1","apk4316",1,2023-09-26 19:57:14,2023-09-26 19:57:14
80,"practica-profesional","prp9431",9,2023-09-26 19:57:14,2023-09-26 19:57:14
81,"practica-profesional","ppa2143",5,2023-09-26 19:57:14,2023-09-26 19:57:14
82,"practica-profesional","ppa1143",5,2023-09-26 19:57:14,2023-09-26 19:57:14
83,"proceso-de-portafolio-3","apa3143",3,2023-09-26 19:57:14,2023-09-26 19:57:14
84,"practica-profesional","ppa1133",5,2023-09-26 19:57:14,2023-09-26 19:57:14
85,"proceso-de-portafolio-3","apa3133",3,2023-09-26 19:57:14,2023-09-26 19:57:14
86,"responsabilidad-social-empresarial","rse0020",0,2023-09-26 19:57:14,2023-09-26 19:57:14
87,"social-media-marketing","mka1908",0,2023-09-26 19:57:14,2023-09-26 19:57:14
88,"herramientas-avanzadas-de-excel","hae0010",0,2023-09-26 19:57:14,2023-09-26 19:57:14
89,"tecnologia-en-madera","tma0010",0,2023-09-26 19:57:15,2023-09-26 19:57:15
90,"prog-de-microcontroladores-y-domotica","pmd0010",0,2023-09-26 19:57:15,2023-09-26 19:57:15
91,"redesaccesofibra-opticacon-tecngpon","rfg0010",0,2023-09-26 19:57:15,2023-09-26 19:57:15
92,"desarrollo-java-para-web","jee010",0,2023-09-26 19:57:15,2023-09-26 19:57:15
93,"sql-server-aplicado","ssa010",0,2023-09-26 19:57:15,2023-09-26 19:57:15
94,"gestion-agil-de-proyectos","gay0101",0,2023-09-26 19:57:15,2023-09-26 19:57:15
95,"gestion-de-personas","gpi0101",0,2023-09-26 19:57:15,2023-09-26 19:57:15
96,"sistlineales-de-sim","sls5201",0,2023-09-26 19:57:15,2023-09-26 19:57:15
97,"tecnicas-integrales-de-la-disciplina","tii0101",0,2023-09-26 19:57:15,2023-09-26 19:57:15
98,"principfe-cristiana","pfc010",0,2023-09-26 19:57:15,2023-09-26 19:57:15
99,"doctrina-sociglesia","pfc040",0,2023-09-26 19:57:15,2023-09-26 19:57:15
100,"tallanalquim-i","tal3301",0,2023-09-26 19:57:15,2023-09-26 19:57:15
101,"soluciones-a-problemas-de-energia","psr7111",0,2023-09-26 19:57:15,2023-09-26 19:57:15
102,"practica-profesional","ppa1130",5,2023-09-26 19:57:15,2023-09-26 19:57:15
103,"proceso-de-portafolio-3","apa3130",3,2023-09-26 19:57:15,2023-09-26 19:57:15
104,"practica-laboral","pla1624",5,2023-09-26 19:57:15,2023-09-26 19:57:15
105,"proceso-de-portafolio-final","pa71163",7,2023-09-26 19:57:15,2023-09-26 19:57:15
106,"proceso-de-portafolio-5","apa5163",5,2023-09-26 19:57:15,2023-09-26 19:57:15
107,"proceso-de-portafolio-3","apa3163",3,2023-09-26 19:57:15,2023-09-26 19:57:15
108,"practica-profesional","ppa8164",8,2023-09-26 19:57:15,2023-09-26 19:57:15
109,"practica-laboral","pla5164",5,2023-09-26 19:57:15,2023-09-26 19:57:15
110,"proceso-de-portafolio-final","pa75162",7,2023-09-26 19:57:15,2023-09-26 19:57:15
111,"practica-laboral","pla2162",5,2023-09-26 19:57:15,2023-09-26 19:57:15
112,"proceso-de-portafolio-5","apa5162",5,2023-09-26 19:57:15,2023-09-26 19:57:15
113,"proceso-de-portafolio-3","apa3162",3,2023-09-26 19:57:15,2023-09-26 19:57:15
114,"practica-laboral","pla1162",5,2023-09-26 19:57:15,2023-09-26 19:57:15
115,"practica-laboral","pla1164",5,2023-09-26 19:57:15,2023-09-26 19:57:15
116,"proceso-de-portafolio-5","apa5164",5,2023-09-26 19:57:15,2023-09-26 19:57:15
117,"proceso-de-portafolio-final","pa71160",7,2023-09-26 19:57:15,2023-09-26 19:57:15
118,"practica-laboral","pla1160",5,2023-09-26 19:57:15,2023-09-26 19:57:15
119,"proceso-de-portafolio-5","apa5160",5,2023-09-26 19:57:15,2023-09-26 19:57:15
120,"proceso-de-portafolio-3","apa3160",3,2023-09-26 19:57:15,2023-09-26 19:57:15
121,"practica-profesional","ppa1139",5,2023-09-26 19:57:15,2023-09-26 19:57:15
122,"proceso-de-portafolio-3","apa3139",3,2023-09-26 19:57:15,2023-09-26 19:57:15
123,"proceso-de-portafolio-final","pa71123",7,2023-09-26 19:57:15,2023-09-26 19:57:15
124,"practica-laboral","pla1123",5,2023-09-26 19:57:15,2023-09-26 19:57:15
125,"proceso-de-portafolio-5","apa5123",5,2023-09-26 19:57:15,2023-09-26 19:57:15
126,"proceso-de-portafolio-3","apa3123",3,2023-09-26 19:57:15,2023-09-26 19:57:15
127,"practica-tecnica","ppa1396",5,2023-09-26 19:57:15,2023-09-26 19:57:15
128,"practica-clinica-i","pls5100",3,2023-09-26 19:57:15,2023-09-26 19:57:15
129,"practica-clinica-i","pls1508",3,2023-09-26 19:57:15,2023-09-26 19:57:15
130,"tecnicas-de-diagnostico-en-odontologia","eos3141",3,2023-09-26 19:57:15,2023-09-26 19:57:15
131,"asistencia-en-endodoncia","eos3131",3,2023-09-26 19:57:15,2023-09-26 19:57:15
132,"asistencia-en-odontologia-restauradora","eos3111",3,2023-09-26 19:57:15,2023-09-26 19:57:15
133,"practica-clinica-ii","pls5012",3,2023-09-26 19:57:16,2023-09-26 19:57:16
134,"practica-clinica-i","pls5031",3,2023-09-26 19:57:16,2023-09-26 19:57:16
135,"primeros-auxilios","pas3101",3,2023-09-26 19:57:16,2023-09-26 19:57:16
136,"prevencion-de-riesgos-e-higiene","sir5113",5,2023-09-26 19:57:16,2023-09-26 19:57:16
137,"climatologia-e-hidrologia","mrr3131",3,2023-09-26 19:57:16,2023-09-26 19:57:16
138,"residuos","mrr3121",3,2023-09-26 19:57:16,2023-09-26 19:57:16
139,"estadistica-inferencial","mat4130",5,2023-09-26 19:57:16,2023-09-26 19:57:16
140,"estadistica-inferencial","mat4150",5,2023-09-26 19:57:16,2023-09-26 19:57:16
141,"matematica-aplicada","mat2120",3,2023-09-26 19:57:16,2023-09-26 19:57:16
142,"ingles-basico-ii","inu2101",3,2023-09-26 19:57:16,2023-09-26 19:57:16
143,"ingles-basico-i","inu1101",2,2023-09-26 19:57:16,2023-09-26 19:57:16
144,"ingles-intermedio-alto","ini7111",5,2023-09-26 19:57:16,2023-09-26 19:57:16
145,"ingles-elemental","ini3111",5,2023-09-26 19:57:16,2023-09-26 19:57:16
146,"ingles-intermedio-ii","inu6101",7,2023-09-26 19:57:16,2023-09-26 19:57:16
147,"esp-marketing","esp1315",7,2023-09-26 19:57:16,2023-09-26 19:57:16
148,"ingles-elemental-ii","inu4101",5,2023-09-26 19:57:16,2023-09-26 19:57:16
149,"etica-profesional","ear7815",7,2023-09-26 19:57:16,2023-09-26 19:57:16
150,"fundamentos-de-antropologia","fce1100",3,2023-09-26 19:57:16,2023-09-26 19:57:16
151,"etica-profesional","eaa1625",7,2023-09-26 19:57:16,2023-09-26 19:57:16
152,"etica-para-el-trabajo","eaa1430",3,2023-09-26 19:57:16,2023-09-26 19:57:16
153,"mentalidad-emprendedora","emp1101",3,2023-09-26 19:57:16,2023-09-26 19:57:16
154,"innovacion-en-productos-y-servicios","emp2105",7,2023-09-26 19:57:16,2023-09-26 19:57:16
155,"proyectos-de-innovacion","emp220",7,2023-09-26 19:57:16,2023-09-26 19:57:16
156,"innovacion-en-productos-y-servicios","emp2105",5,2023-09-26 19:57:16,2023-09-26 19:57:16
157,"proyectos-de-innovacion","pei120",7,2023-09-26 19:57:16,2023-09-26 19:57:16
158,"sistemas-inyeccion-diesel","mai3141",3,2023-09-26 19:57:17,2023-09-26 19:57:17
159,"sistemas-inyeccion-gasolina","mai3131",3,2023-09-26 19:57:17,2023-09-26 19:57:17
160,"mecanica-de-motores","mai3121",3,2023-09-26 19:57:17,2023-09-26 19:57:17
161,"autotronica-control-del-motor","mai3111",3,2023-09-26 19:57:17,2023-09-26 19:57:17
162,"sistemas-logicos-programables","eai3132",3,2023-09-26 19:57:17,2023-09-26 19:57:17
163,"instalaciones-electricas","eai3122",3,2023-09-26 19:57:17,2023-09-26 19:57:17
164,"maquinas-electricas","eai3112",3,2023-09-26 19:57:17,2023-09-26 19:57:17
165,"gestion-de-equipos-de-trabajo-en-terreno","eai5113",5,2023-09-26 19:57:17,2023-09-26 19:57:17
166,"sistemas-de-control-y-supervision","eai5112",5,2023-09-26 19:57:17,2023-09-26 19:57:17
167,"contabilidad-para-la-gestion","cgs7401",7,2023-09-26 19:57:17,2023-09-26 19:57:17
168,"sistemas-de-propulsion-alternativos","sps5401",5,2023-09-26 19:57:17,2023-09-26 19:57:17
169,"laboratorio-de-motores-y-dinamometro","mai5111",5,2023-09-26 19:57:17,2023-09-26 19:57:17
170,"seguridad-industrial","sis4201",2,2023-09-26 19:57:17,2023-09-26 19:57:17
171,"sistemas-de-seguridad-y-confort","mai5131",5,2023-09-26 19:57:17,2023-09-26 19:57:17
172,"sistemas-de-climatizacion","mai5121",5,2023-09-26 19:57:17,2023-09-26 19:57:17
173,"sistemas-de-transmision","mai3151",3,2023-09-26 19:57:17,2023-09-26 19:57:17
174,"mineria-de-datos","biy7121",7,2023-09-26 19:57:17,2023-09-26 19:57:17
175,"ingenieria-de-software","pry3111",3,2023-09-26 19:57:17,2023-09-26 19:57:17
176,"programacion-web","pgy3121",3,2023-09-26 19:57:17,2023-09-26 19:57:17
177,"modelamiento-de-base-de-datos","mdy1131",1,2023-09-26 19:57:17,2023-09-26 19:57:17
178,"mineria-de-datos","mdy7101",7,2023-09-26 19:57:17,2023-09-26 19:57:17
179,"big-data","bdy7101",7,2023-09-26 19:57:17,2023-09-26 19:57:17
180,"integracion-de-plataformas","asy5131",5,2023-09-26 19:57:17,2023-09-26 19:57:17
181,"control-y-gestion-de-proyectos-de-conect","pcy7132",7,2023-09-26 19:57:17,2023-09-26 19:57:17
182,"seguridad-en-redes-corporativas-ccna-se","csy5122",5,2023-09-26 19:57:17,2023-09-26 19:57:17
183,"administracion-de-sistemas-operativos-mi","smy3121",3,2023-09-26 19:57:17,2023-09-26 19:57:17
184,"routing-y-switching","ary3112",3,2023-09-26 19:57:17,2023-09-26 19:57:17
185,"legislacion-y-seguridad","etk3151",3,2023-09-26 19:57:17,2023-09-26 19:57:17
186,"taller-de-obra-gruesa","pek1141",1,2023-09-26 19:57:17,2023-09-26 19:57:17
187,"herramientas-digitales","hdk1113",1,2023-09-26 19:57:17,2023-09-26 19:57:17
188,"legislacion-aplicada-a-la-segy-salocu","lss6402",6,2023-09-26 19:57:17,2023-09-26 19:57:17
189,"contaminantes-y-manejo-de-residuos","erk5111",5,2023-09-26 19:57:17,2023-09-26 19:57:17
190,"materiales-peligrosos-y-riesgo-de-incend","epk3111",3,2023-09-26 19:57:18,2023-09-26 19:57:18
191,"taller-de-estructuras","cek7161",7,2023-09-26 19:57:18,2023-09-26 19:57:18
192,"obras-de-infraestructura","ock5131",5,2023-09-26 19:57:18,2023-09-26 19:57:18
193,"obras-civiles","cck3121",3,2023-09-26 19:57:18,2023-09-26 19:57:18
194,"gestion-de-personas","dok7132",7,2023-09-26 19:57:18,2023-09-26 19:57:18
195,"portafolio-de-titulo","pta2143",5,2023-09-26 19:57:18,2023-09-26 19:57:18
196,"administracion-estrategica","ada5112",5,2023-09-26 19:57:18,2023-09-26 19:57:18
197,"analisis-economico","ada3111",3,2023-09-26 19:57:18,2023-09-26 19:57:18
198,"plan-de-productos-y-precios","mka3114",3,2023-09-26 19:57:18,2023-09-26 19:57:18
199,"atencion-y-venta-al-usuario","avs3111",3,2023-09-26 19:57:18,2023-09-26 19:57:18
200,"manejo-de-equipos-e-insumos","mes3111",3,2023-09-26 19:57:18,2023-09-26 19:57:18
201,"cuidados-de-enfermeria-pediatrica","ces3111",3,2023-09-26 19:57:18,2023-09-26 19:57:18
202,"acreditacion-y-gest-de-calidad-en-salud","ags3112",3,2023-09-26 19:57:18,2023-09-26 19:57:18
203,"practica-clinica-ii","pls5022",3,2023-09-26 19:57:18,2023-09-26 19:57:18
204,"tecnicas-en-banco-de-sangre","bss3111",3,2023-09-26 19:57:18,2023-09-26 19:57:18
205,"tecnologia-para-edificacion-en-altura","tea0010",0,2023-09-26 19:57:18,2023-09-26 19:57:18
206,"seguridad-en-maquinas-herramientas-y-pr","smh0010",0,2023-09-26 19:57:18,2023-09-26 19:57:18
207,"programacion-c-i","pci010",0,2023-09-26 19:57:18,2023-09-26 19:57:18
208,"fauna-de-chile","fac0010",0,2023-09-26 19:57:18,2023-09-26 19:57:18
209,"portafolio-de-titulo","pts5075",5,2023-09-26 19:57:18,2023-09-26 19:57:18
210,"servicios-freelance","sfd5075",3,2023-09-26 19:57:18,2023-09-26 19:57:18
211,"entrenamiento-de-resistencia","pfs3142",3,2023-09-26 19:57:18,2023-09-26 19:57:18
212,"evaluacion-del-rendimiento-fisico","pfs3132",3,2023-09-26 19:57:18,2023-09-26 19:57:18
213,"a-fisica-para-personas-con-discapacidad","pfs3122",3,2023-09-26 19:57:18,2023-09-26 19:57:18
214,"evaluacion-poblaciones-especiales","pfs3112",3,2023-09-26 19:57:18,2023-09-26 19:57:18
215,"aves","vpr3112",3,2023-09-26 19:57:19,2023-09-26 19:57:19
216,"adiestramiento-canino","var3132",3,2023-09-26 19:57:19,2023-09-26 19:57:19
217,"procedimientos-quirurgicos-y-terapeutico","var3122",3,2023-09-26 19:57:19,2023-09-26 19:57:19
218,"primeros-auxilios-en-mascotas","var3112",3,2023-09-26 19:57:19,2023-09-26 19:57:19
219,"cerdos","vgr3122",3,2023-09-26 19:57:19,2023-09-26 19:57:19
220,"leche-en-rumiantes","vgr3112",3,2023-09-26 19:57:19,2023-09-26 19:57:19
221,"portafolio-de-titulo","ptr8900",5,2023-09-26 19:57:19,2023-09-26 19:57:19
222,"bioestadistica","alr3131",3,2023-09-26 19:57:19,2023-09-26 19:57:19
223,"sistemas-de-informacion-geografica","eir7123",7,2023-09-26 19:57:19,2023-09-26 19:57:19
224,"produccion-organica","agr5141",5,2023-09-26 19:57:19,2023-09-26 19:57:19
225,"produccion-de-flores-de-corte","agr5111",5,2023-09-26 19:57:19,2023-09-26 19:57:19
226,"produccion-animal","par3101",0,2023-09-26 19:57:19,2023-09-26 19:57:19
227,"frutales-menores","fmr0101",0,2023-09-26 19:57:19,2023-09-26 19:57:19
228,"estadistica-descriptiva","mat4110",3,2023-09-26 19:57:19,2023-09-26 19:57:19
229,"nivelacion-matematica","mat1110",1,2023-09-26 19:57:19,2023-09-26 19:57:19
230,"algebra","mat2110",3,2023-09-26 19:57:19,2023-09-26 19:57:19
231,"calculo-integral","mat3120",0,2023-09-26 19:57:19,2023-09-26 19:57:19
232,"calculo-diferencial","mat3110",5,2023-09-26 19:57:19,2023-09-26 19:57:19
233,"estadistica-descriptiva","mat4110",5,2023-09-26 19:57:19,2023-09-26 19:57:19
234,"herram-tecn-para-la-infor-y-comunic","tic1100",5,2023-09-26 19:57:19,2023-09-26 19:57:19
235,"ingles-elemental-i","inu3101",4,2023-09-26 19:57:19,2023-09-26 19:57:19
236,"ingles-avanzado-i","inu511",1,2023-09-26 19:57:20,2023-09-26 19:57:20
237,"ingles-para-las-tecnologias","esp510",7,2023-09-26 19:57:20,2023-09-26 19:57:20
238,"ingles-intermedio-i","inu311",5,2023-09-26 19:57:20,2023-09-26 19:57:20
239,"esp-mecanica-automotriz","esp1901",7,2023-09-26 19:57:20,2023-09-26 19:57:20
240,"esp-finanzas","esp1318",7,2023-09-26 19:57:20,2023-09-26 19:57:20
241,"etica-para-el-trabajo","ets5100",3,2023-09-26 19:57:20,2023-09-26 19:57:20
242,"etica-para-el-trabajo","eas5020",3,2023-09-26 19:57:20,2023-09-26 19:57:20
243,"etica-profesional","eak4405",7,2023-09-26 19:57:20,2023-09-26 19:57:20
244,"etica-profesional","eaa1605",7,2023-09-26 19:57:20,2023-09-26 19:57:20
245,"herramientas-para-el-emprendimiento","emp2103",7,2023-09-26 19:57:20,2023-09-26 19:57:20
246,"innovacion-en-productos-y-servicios","emp2105",0,2023-09-26 19:57:20,2023-09-26 19:57:20
247,"innovacion-en-procesos","emp2106",0,2023-09-26 19:57:20,2023-09-26 19:57:20
248,"sistemas-de-generacion-eolicos","eri3151",3,2023-09-26 19:57:20,2023-09-26 19:57:20
249,"portafolio-de-titulo","pti4186",5,2023-09-26 19:57:20,2023-09-26 19:57:20
250,"portafolio-de-titulo","pti1476",5,2023-09-26 19:57:20,2023-09-26 19:57:20
251,"programacion-sistemas-iiot","eai3141",3,2023-09-26 19:57:20,2023-09-26 19:57:20
252,"sol-de-automatizacion-y-control-industr","eai7132",7,2023-09-26 19:57:21,2023-09-26 19:57:21
253,"energias-renovables","eai7112",7,2023-09-26 19:57:21,2023-09-26 19:57:21
254,"gestion-de-procesos-de-dyp","gps7401",7,2023-09-26 19:57:21,2023-09-26 19:57:21
255,"transmision-de-datos-multiplexados","tds5401",5,2023-09-26 19:57:21,2023-09-26 19:57:21
256,"estrategias-de-negocios","mai7111",7,2023-09-26 19:57:21,2023-09-26 19:57:21
257,"aseguramiento-de-la-calidad-del-servicio","mai7131",7,2023-09-26 19:57:21,2023-09-26 19:57:21
258,"gestion-de-proyectos-ii","gdp2463",7,2023-09-26 19:57:21,2023-09-26 19:57:21
259,"normas-medio-ambientales-y-legislacion","nms5401",5,2023-09-26 19:57:21,2023-09-26 19:57:21
260,"gestion-de-proyectos-i","gdp3475",5,2023-09-26 19:57:21,2023-09-26 19:57:21
261,"bpm","biy5121",5,2023-09-26 19:57:21,2023-09-26 19:57:21
262,"programacion-de-base-de-datos","mdy3131",3,2023-09-26 19:57:21,2023-09-26 19:57:21
263,"programacion-de-algoritmos","pgy1121",1,2023-09-26 19:57:21,2023-09-26 19:57:21
264,"evaluacion-de-proyectos","gpy5111",5,2023-09-26 19:57:21,2023-09-26 19:57:21
265,"diseno-y-gestion-de-requisitos","pry1111",1,2023-09-26 19:57:21,2023-09-26 19:57:21
266,"diseno-de-arquitectura-de-red","dry7112",7,2023-09-26 19:57:22,2023-09-26 19:57:22
267,"introduccion-a-ciberseguridad","csy3122",3,2023-09-26 19:57:22,2023-09-26 19:57:22
268,"portafolio-de-titulo","pty4478",5,2023-09-26 19:57:22,2023-09-26 19:57:22
269,"programacion-de-scripting","sry3141",3,2023-09-26 19:57:22,2023-09-26 19:57:22
270,"administracion-sistema-operativo-enterpr","asy3132",3,2023-09-26 19:57:22,2023-09-26 19:57:22
271,"estructuras","esc3131",3,2023-09-26 19:57:22,2023-09-26 19:57:22
272,"topografia","cck3141",3,2023-09-26 19:57:22,2023-09-26 19:57:22
273,"interpretacion-de-planos","iek1121",1,2023-09-26 19:57:22,2023-09-26 19:57:22
274,"optimizacion-de-procesos-y-sso","pok7112",7,2023-09-26 19:57:22,2023-09-26 19:57:22
275,"planes-de-formacion-en-sso","cfk5111",5,2023-09-26 19:57:22,2023-09-26 19:57:22
276,"continuidad-operacional-ante-desastres","odk7111",7,2023-09-26 19:57:22,2023-09-26 19:57:22
277,"construccion-sustentable","dok7141",7,2023-09-26 19:57:22,2023-09-26 19:57:22
278,"gestion-de-calidad","dok7121",7,2023-09-26 19:57:22,2023-09-26 19:57:22
279,"programacion-de-obras","pck5111",5,2023-09-26 19:57:22,2023-09-26 19:57:22
280,"tecnologia-del-hormigon","ock5141",5,2023-09-26 19:57:22,2023-09-26 19:57:22
281,"estudio-de-propuestas","epk7111",7,2023-09-26 19:57:22,2023-09-26 19:57:22
282,"construccion-sustentable","dok7142",7,2023-09-26 19:57:22,2023-09-26 19:57:22
283,"gestion-de-calidad","dok7122",7,2023-09-26 19:57:22,2023-09-26 19:57:22
284,"estrategias-digitales","mka3121",3,2023-09-26 19:57:22,2023-09-26 19:57:22
285,"compensacion-integral","gpa3121",3,2023-09-26 19:57:22,2023-09-26 19:57:22
286,"calculo-de-remuneraciones","gpa3111",3,2023-09-26 19:57:22,2023-09-26 19:57:22
287,"portafolio-de-titulo","pta1130",5,2023-09-26 19:57:22,2023-09-26 19:57:22
288,"finanzas-de-largo-plazo","fza3111",3,2023-09-26 19:57:22,2023-09-26 19:57:22
289,"planif-estrategica-de-logistica-interna","loa7135",7,2023-09-26 19:57:22,2023-09-26 19:57:22
290,"economia-circular-y-sustentable","ada7141",7,2023-09-26 19:57:22,2023-09-26 19:57:22
291,"formulacion-y-evaluacion-de-proyectos","ada7121",7,2023-09-26 19:57:22,2023-09-26 19:57:22
292,"trade-marketing-y-merchandising","mka3111",3,2023-09-26 19:57:22,2023-09-26 19:57:22
293,"mercados-financieros","fza5112",5,2023-09-26 19:57:22,2023-09-26 19:57:22
294,"control-presupuestario-y-costos","coa3111",3,2023-09-26 19:57:22,2023-09-26 19:57:22
295,"impuesto-a-las-ventas-y-servicios","tra3128",3,2023-09-26 19:57:23,2023-09-26 19:57:23
296,"impuesto-a-la-renta","tra3118",3,2023-09-26 19:57:23,2023-09-26 19:57:23
297,"contabilidades-especiales","coa3120",3,2023-09-26 19:57:23,2023-09-26 19:57:23
298,"tecnicas-de-primeros-auxilios","axs1102",1,2023-09-26 19:57:23,2023-09-26 19:57:23
299,"manejo-integral-del-paciente-odont","eos3151",3,2023-09-26 19:57:23,2023-09-26 19:57:23
300,"asisten-cirugia-maxilofacial-e-implant","eos3121",3,2023-09-26 19:57:23,2023-09-26 19:57:23
301,"liderazgo-efectivo","lea010",0,2023-09-26 19:57:23,2023-09-26 19:57:23
302,"coordinacion-de-proyectos-con-bim","pbk0100",0,2023-09-26 19:57:23,2023-09-26 19:57:23
303,"innovacion-basada-en-desafios","emp0010",0,2023-09-26 19:57:23,2023-09-26 19:57:23
304,"elaboracion-de-cerveza","elc0010",0,2023-09-26 19:57:23,2023-09-26 19:57:23
305,"flora-y-vegetacion-nativa","fvn0010",0,2023-09-26 19:57:23,2023-09-26 19:57:23
306,"derecho-de-aguas","dag0010",0,2023-09-26 19:57:23,2023-09-26 19:57:23
307,"soluciones-a-problemas-ambientales","psr7121",0,2023-09-26 19:57:23,2023-09-26 19:57:23
308,"cuidados-de-enfermeria-en-urgencias","ces3121",3,2023-09-26 19:57:23,2023-09-26 19:57:23
309,"radioterapia","nrs3111",3,2023-09-26 19:57:23,2023-09-26 19:57:23
310,"informatica-en-la-atencion-del-paciente","ips0101",3,2023-09-26 19:57:23,2023-09-26 19:57:23
311,"portafolio-de-titulo","ptr8909",5,2023-09-26 19:57:24,2023-09-26 19:57:24
312,"cultivo-de-peces-i","cpl5301",5,2023-09-26 19:57:24,2023-09-26 19:57:24
313,"imageneologia","vpr3122",3,2023-09-26 19:57:24,2023-09-26 19:57:24
314,"portafolio-de-titulo","ptr7862",5,2023-09-26 19:57:24,2023-09-26 19:57:24
315,"manipulacion-y-bodegaje-de-muestras-de-s","gsr3151",3,2023-09-26 19:57:24,2023-09-26 19:57:24
316,"caracterizacion-de-propiedades-fisicas-d","gsr3141",3,2023-09-26 19:57:24,2023-09-26 19:57:24
317,"metodos-geofisicos","gsr3121",3,2023-09-26 19:57:24,2023-09-26 19:57:24
318,"tipos-de-perforacion","gsr3111",3,2023-09-26 19:57:24,2023-09-26 19:57:24
319,"extraccion-de-muestras-agricolas","alr3151",3,2023-09-26 19:57:24,2023-09-26 19:57:24
320,"extraccion-de-muestras-pecuarias","alr3141",3,2023-09-26 19:57:24,2023-09-26 19:57:24
321,"inocuidad-de-los-alimentos","alr3121",3,2023-09-26 19:57:24,2023-09-26 19:57:24
322,"calidad-agroalimentaria","alr3111",3,2023-09-26 19:57:24,2023-09-26 19:57:24
323,"portafolio-de-titulo","ptr8895",5,2023-09-26 19:57:24,2023-09-26 19:57:24
324,"produccion-de-hortalizas-al-aire-libre","agr3141",3,2023-09-26 19:57:24,2023-09-26 19:57:24
325,"fitopatologia-aplicada","agr3121",3,2023-09-26 19:57:24,2023-09-26 19:57:24
326,"monitoreo-y-control-de-plagas-agricolas","agr3111",3,2023-09-26 19:57:24,2023-09-26 19:57:24
327,"economia-ambiental","ear5123",5,2023-09-26 19:57:24,2023-09-26 19:57:24
328,"procesos-industriales","prr5113",5,2023-09-26 19:57:24,2023-09-26 19:57:24
329,"administracion-predial","agr7151",7,2023-09-26 19:57:25,2023-09-26 19:57:25
330,"legislacion-agricola","agr7141",7,2023-09-26 19:57:25,2023-09-26 19:57:25
331,"elaboracion-de-proyectos-agricolas","agr7121",7,2023-09-26 19:57:25,2023-09-26 19:57:25
332,"costos-y-presupuestos","agr7111",7,2023-09-26 19:57:25,2023-09-26 19:57:25
333,"habilidades-basicas-de-comunicacion","plc1101",1,2023-09-26 19:57:25,2023-09-26 19:57:25
334,"esp-contable","esp1319",7,2023-09-26 19:57:26,2023-09-26 19:57:26
335,"etica-para-el-trabajo","eas5080",3,2023-09-26 19:57:26,2023-09-26 19:57:26
336,"etica-profesional","eak4315",7,2023-09-26 19:57:26,2023-09-26 19:57:26
337,"etica-profesional","eai4635",7,2023-09-26 19:57:26,2023-09-26 19:57:26
338,"etica-profesional","eai4755",5,2023-09-26 19:57:26,2023-09-26 19:57:26
339,"mentalidad-emprendedora","emp1101",0,2023-09-26 19:57:26,2023-09-26 19:57:26
340,"portafolio-de-titulo","pti4802",5,2023-09-26 19:57:26,2023-09-26 19:57:26
341,"sistemas-de-generacion-fotovoltaicos","eri3141",3,2023-09-26 19:57:26,2023-09-26 19:57:26
342,"distribucion-electrica-inteligente","eai7122",7,2023-09-26 19:57:26,2023-09-26 19:57:26
343,"vocabulario-tecnico-automotriz","vta7401",7,2023-09-26 19:57:26,2023-09-26 19:57:26
344,"lineas-de-inspeccion-automotriz","lis5401",5,2023-09-26 19:57:26,2023-09-26 19:57:26
345,"formulacion-y-evaluacion-de-proyectos","eps7401",7,2023-09-26 19:57:26,2023-09-26 19:57:26
346,"gestion-de-negocios-bajo-ambiente-erp","erp0110",0,2023-09-26 19:57:27,2023-09-26 19:57:27
347,"tecnicas-de-calidad-de-software","tcy0101",0,2023-09-26 19:57:27,2023-09-26 19:57:27
348,"manejo-equino","mer0101",0,2023-09-26 19:57:27,2023-09-26 19:57:27
349,"gestion-de-riesgos","gpy7111",7,2023-09-26 19:57:27,2023-09-26 19:57:27
350,"big-data","biy7131",7,2023-09-26 19:57:27,2023-09-26 19:57:27
351,"gestion-de-riesgos","gry7101",7,2023-09-26 19:57:27,2023-09-26 19:57:27
352,"programacion-y-redes-virtualizadas-sdn","dry7122",7,2023-09-26 19:57:27,2023-09-26 19:57:27
353,"routing-y-switching-corporativ","ary5112",5,2023-09-26 19:57:27,2023-09-26 19:57:27
354,"portafolio-de-titulo","pty4734",5,2023-09-26 19:57:28,2023-09-26 19:57:28
355,"administracion-de-sistemas-operativos-re","sry3131",3,2023-09-26 19:57:28,2023-09-26 19:57:28
356,"portafolio-de-titulo","ptk2229",5,2023-09-26 19:57:28,2023-09-26 19:57:28
357,"gestion-financiera-y-administrativa","fgk7111",7,2023-09-26 19:57:28,2023-09-26 19:57:28
358,"evaluacion-y-gestion-de-proyectos-en-sso","fek7112",7,2023-09-26 19:57:28,2023-09-26 19:57:28
359,"planes-y-programas-en-sso","spk3112",3,2023-09-26 19:57:28,2023-09-26 19:57:28
360,"analisis-y-reduccion-de-accidentabilidad","sak3112",3,2023-09-26 19:57:28,2023-09-26 19:57:28
361,"contabilidad-en-la-construccion","pck5121",5,2023-09-26 19:57:28,2023-09-26 19:57:28
362,"presupuesto-y-analisis-de-costos","otk3111",3,2023-09-26 19:57:28,2023-09-26 19:57:28
363,"partidas-de-obra-gruesa","pek1131",1,2023-09-26 19:57:28,2023-09-26 19:57:28
364,"gestion-de-personas","dok7131",7,2023-09-26 19:57:28,2023-09-26 19:57:28
365,"estudio-de-propuestas","epk7122",7,2023-09-26 19:57:28,2023-09-26 19:57:28
366,"administracion-y-logistica-de-obras","dok7152",7,2023-09-26 19:57:28,2023-09-26 19:57:28
367,"software-de-gestion-para-la-logistica","tea7115",7,2023-09-26 19:57:28,2023-09-26 19:57:28
368,"planif-estrategica-de-almacenamiento","loa7125",7,2023-09-26 19:57:28,2023-09-26 19:57:28
369,"costos-de-operaciones-logisticas","loa5115",5,2023-09-26 19:57:28,2023-09-26 19:57:28
370,"finanzas-para-la-evaluacion-de-proyectos","fza5115",5,2023-09-26 19:57:28,2023-09-26 19:57:28
371,"liderazgo-en-logistica","loa3135",3,2023-09-26 19:57:28,2023-09-26 19:57:28
372,"optimizacion-operaciones-de-transporte","loa3125",3,2023-09-26 19:57:28,2023-09-26 19:57:28
373,"administracion-estrategica","ada5111",5,2023-09-26 19:57:28,2023-09-26 19:57:28
374,"costos-para-la-toma-de-decisiones","coa7118",7,2023-09-26 19:57:28,2023-09-26 19:57:28
375,"gestion-de-riesgos","aua7118",7,2023-09-26 19:57:28,2023-09-26 19:57:28
376,"planif-estrategica-y-control-de-gestion","ada7118",7,2023-09-26 19:57:28,2023-09-26 19:57:28
377,"auditoria-y-control-interno","aua5118",5,2023-09-26 19:57:28,2023-09-26 19:57:28
378,"herramientas-financieras","fza3115",3,2023-09-26 19:57:28,2023-09-26 19:57:28
379,"portafolio-de-titulo-tecnico","pta1396",5,2023-09-26 19:57:28,2023-09-26 19:57:28
380,"microbiologia-para-laboratorio-clinico","lcs3111",3,2023-09-26 19:57:29,2023-09-26 19:57:29
381,"portafolio-de-titulo","pts5071",5,2023-09-26 19:57:29,2023-09-26 19:57:29
382,"conducta-canina-y-felina","ccf1101",1,2023-09-26 19:57:29,2023-09-26 19:57:29
383,"produccion-de-frutales-de-hoja-persisten","agr3131",3,2023-09-26 19:57:29,2023-09-26 19:57:29
384,"impacto-ambiental","eir5113",5,2023-09-26 19:57:30,2023-09-26 19:57:30
385,"parametros-ambientales-desde-la-fisica","mrr3111",3,2023-09-26 19:57:30,2023-09-26 19:57:30
386,"portafolio-de-titulo","pft8781",8,2023-09-26 19:57:30,2023-09-26 19:57:30
387,"sistema-de-gestion-integrado-y-auditoria","sir6111",6,2023-09-26 19:57:30,2023-09-26 19:57:30
388,"tecnicas-de-ensayo-de-laboratorio","tel0010",0,2023-09-26 19:57:30,2023-09-26 19:57:30
389,"soluciones-constructivas-liviano-seca","sck0100",0,2023-09-26 19:57:30,2023-09-26 19:57:30
390,"liderazgo-y-negociacion","lny0101",0,2023-09-26 19:57:30,2023-09-26 19:57:30
391,"diseno-y-montaje-de-sistemas-de-riego","dsr0010",0,2023-09-26 19:57:30,2023-09-26 19:57:30
392,"apicultura","apc0010",0,2023-09-26 19:57:30,2023-09-26 19:57:30
393,"cultivos-extensivos","cer0101",0,2023-09-26 19:57:30,2023-09-26 19:57:30
394,"vitivinicultura","agr5152",5,2023-09-26 19:57:30,2023-09-26 19:57:30
395,"produccion-de-semillas","agr5131",5,2023-09-26 19:57:30,2023-09-26 19:57:30
396,"tecnicas-de-propagacion","agr5121",5,2023-09-26 19:57:30,2023-09-26 19:57:30
397,"calculo-integral","mat3120",5,2023-09-26 19:57:30,2023-09-26 19:57:30
398,"etica-para-el-trabajo","eay4450",3,2023-09-26 19:57:31,2023-09-26 19:57:31
399,"maquinas-electricas","eri3111",3,2023-09-26 19:57:32,2023-09-26 19:57:32
400,"matematicas-financieras","mfs7401",7,2023-09-26 19:57:32,2023-09-26 19:57:32
401,"proceso-de-dyp","mai7121",7,2023-09-26 19:57:32,2023-09-26 19:57:32
402,"sistemas-de-gestion-en-medioambiente","gmk5112",5,2023-09-26 19:57:33,2023-09-26 19:57:33
403,"gestion-de-riesgos-psicosociales","hpk3111",3,2023-09-26 19:57:33,2023-09-26 19:57:33
404,"comput-aplicada-cad","caa2201",0,2023-09-26 19:57:33,2023-09-26 19:57:33
405,"taller-de-estructuras","cek7122",7,2023-09-26 19:57:34,2023-09-26 19:57:34
406,"portafolio-de-titulo","pta1143",5,2023-09-26 19:57:34,2023-09-26 19:57:34
407,"ventas-consultivas","mka3131",3,2023-09-26 19:57:34,2023-09-26 19:57:34
408,"portafolio-de-titulo","pta1133",5,2023-09-26 19:57:34,2023-09-26 19:57:34
409,"gest-calidad-medioamb-y-logistica-verd","loa7117",7,2023-09-26 19:57:34,2023-09-26 19:57:34
410,"diseno-de-planes-estrategicos","ada5114",5,2023-09-26 19:57:34,2023-09-26 19:57:34
411,"opt-operac-almacenamiento-e-inventario","loa3115",3,2023-09-26 19:57:34,2023-09-26 19:57:34
412,"investigacion-de-mercado","mka5111",5,2023-09-26 19:57:34,2023-09-26 19:57:34
413,"finanzas-corporativas","fza5111",5,2023-09-26 19:57:34,2023-09-26 19:57:34
414,"portafolio-de-titulo","pta1139",5,2023-09-26 19:57:34,2023-09-26 19:57:34
415,"evaluacion-de-proyectos","fza7118",7,2023-09-26 19:57:34,2023-09-26 19:57:34
416,"taller-tributario-contable","tra5110",5,2023-09-26 19:57:34,2023-09-26 19:57:34
417,"practica-clinica-ii","pls2508",4,2023-09-26 19:57:34,2023-09-26 19:57:34
418,"gestion-de-equipos-de-trabajo-en-terreno","vgr3132",3,2023-09-26 19:57:35,2023-09-26 19:57:35
419,"topografia","gsr3131",3,2023-09-26 19:57:35,2023-09-26 19:57:35
420,"portafolio-de-titulo","ptr7843",5,2023-09-26 19:57:35,2023-09-26 19:57:35
421,"fiscalizacion-ambiental","eir7113",7,2023-09-26 19:57:36,2023-09-26 19:57:36
422,"gestion-de-residuos-liquidos","gls8101",8,2023-09-26 19:57:36,2023-09-26 19:57:36
423,"gestion-de-residuos-solidos","grs7101",7,2023-09-26 19:57:36,2023-09-26 19:57:36
424,"comercializacion-de-productos-agricolas","agr7131",7,2023-09-26 19:57:36,2023-09-26 19:57:36
425,"formas-y-espacio","mat5110",1,2023-09-26 19:57:36,2023-09-26 19:57:36
426,"gestion-de-marca-personal","gmp0101",0,2023-09-26 19:57:37,2023-09-26 19:57:37
427,"sistemas-termosolares","eri3131",3,2023-09-26 19:57:37,2023-09-26 19:57:37
428,"diseno-de-mallas-y-protecciones-electric","eri3121",3,2023-09-26 19:57:37,2023-09-26 19:57:37
429,"portafolio-de-titulo","pty4613",8,2023-09-26 19:57:38,2023-09-26 19:57:38
430,"comunicaciones-unificadas","cuy5132",5,2023-09-26 19:57:38,2023-09-26 19:57:38
431,"escalamiento-de-redes","iry3111",3,2023-09-26 19:57:39,2023-09-26 19:57:39
432,"portafolio-de-titulo","pty4451",5,2023-09-26 19:57:39,2023-09-26 19:57:39
433,"sistemas-de-gestion-de-calidad","gck5112",5,2023-09-26 19:57:39,2023-09-26 19:57:39
434,"administracion-y-logistica-de-obras","dok7151",7,2023-09-26 19:57:39,2023-09-26 19:57:39
435,"programacion-de-obras","pck5112",5,2023-09-26 19:57:39,2023-09-26 19:57:39
436,"capacitacion-y-desarrollo-de-personas","gpa3131",3,2023-09-26 19:57:39,2023-09-26 19:57:39
437,"gestion-de-personas","ada5121",5,2023-09-26 19:57:39,2023-09-26 19:57:39
438,"gestion-del-clima","gpa5121",5,2023-09-26 19:57:39,2023-09-26 19:57:39
439,"gestion-comercial-y-marketing","ada7151",7,2023-09-26 19:57:39,2023-09-26 19:57:39
440,"gestion-de-calidad","ada7111",7,2023-09-26 19:57:39,2023-09-26 19:57:39
441,"gestion-de-impuestos","tra7118",7,2023-09-26 19:57:40,2023-09-26 19:57:40
442,"analisis-economico-para-administracion","ada3118",3,2023-09-26 19:57:40,2023-09-26 19:57:40
443,"acreditacion-y-gestion-de-calidad-en-sal","ags3111",3,2023-09-26 19:57:40,2023-09-26 19:57:40
444,"portafolio-de-titulo","ptr7852",5,2023-09-26 19:57:41,2023-09-26 19:57:41
445,"estrategias-en-capacitacion-ambiental","cps7101",7,2023-09-26 19:57:41,2023-09-26 19:57:41
446,"fundamentos-de-antropologia","fce1100",0,2023-09-26 19:57:42,2023-09-26 19:57:42
447,"etica-para-el-trabajo","eas5030",3,2023-09-26 19:57:42,2023-09-26 19:57:42
448,"etica-profesional","eaa1635",7,2023-09-26 19:57:42,2023-09-26 19:57:42
449,"etica-profesional","ear7825",7,2023-09-26 19:57:42,2023-09-26 19:57:42
450,"proceso-de-portafolio-final","ps71504",7,2023-09-26 19:57:45,2023-09-26 19:57:45
451,"practica-laboral","pls5045",5,2023-09-26 19:57:45,2023-09-26 19:57:45
452,"proceso-de-portafolio-5","aps5504",5,2023-09-26 19:57:45,2023-09-26 19:57:45
453,"proceso-de-portafolio-3","aps3504",3,2023-09-26 19:57:45,2023-09-26 19:57:45
454,"practica-profesional","pps5044",8,2023-09-26 19:57:45,2023-09-26 19:57:45
455,"practica-laboral","pls5044",5,2023-09-26 19:57:45,2023-09-26 19:57:45
456,"practica-profesional","ppi4813",5,2023-09-26 19:57:45,2023-09-26 19:57:45
457,"proceso-de-portafolio-3","api3481",3,2023-09-26 19:57:45,2023-09-26 19:57:45
458,"practica-profesional","ppi4761",5,2023-09-26 19:57:45,2023-09-26 19:57:45
459,"practica-profesional","pps5404",5,2023-09-26 19:57:46,2023-09-26 19:57:46
460,"practica-profesional","ppi4714",5,2023-09-26 19:57:46,2023-09-26 19:57:46
461,"proceso-de-portafolio-3","api3471",3,2023-09-26 19:57:46,2023-09-26 19:57:46
462,"practica-laboral","pls5803",5,2023-09-26 19:57:46,2023-09-26 19:57:46
463,"practica-laboral","ple5101",5,2023-09-26 19:57:46,2023-09-26 19:57:46
464,"practica-laboral","pls5402",5,2023-09-26 19:57:46,2023-09-26 19:57:46
465,"proceso-de-portafolio-final","pi71470",7,2023-09-26 19:57:46,2023-09-26 19:57:46
466,"practica-laboral","pli4704",5,2023-09-26 19:57:46,2023-09-26 19:57:46
467,"proceso-de-portafolio-5","api5470",5,2023-09-26 19:57:46,2023-09-26 19:57:46
468,"proceso-de-portafolio-3","api3470",3,2023-09-26 19:57:46,2023-09-26 19:57:46
469,"esp-mvp","esp1902",7,2023-09-26 19:57:47,2023-09-26 19:57:47
470,"portafolio-de-titulo","pti4761",5,2023-09-26 19:57:47,2023-09-26 19:57:47
471,"portafolio-de-titulo","pft5418",5,2023-09-26 19:57:47,2023-09-26 19:57:47
472,"portafolio-de-titulo","pti4714",5,2023-09-26 19:57:47,2023-09-26 19:57:47
473,"mantenimiento-de-hyn","mvi3141",3,2023-09-26 19:57:47,2023-09-26 19:57:47
474,"movilidad-electrica-mvp","mvi3131",3,2023-09-26 19:57:47,2023-09-26 19:57:47
475,"diagnostico-de-componentes-de-maquinaria","dcm7301",7,2023-09-26 19:57:47,2023-09-26 19:57:47
476,"proyectos-de-ingenieria","pyi7101",7,2023-09-26 19:57:47,2023-09-26 19:57:47
477,"diseno-de-proyectos-de-automatizacion","dpa7101",7,2023-09-26 19:57:47,2023-09-26 19:57:47
478,"cubicaciones-de-proyectos-electricos","cpe5101",5,2023-09-26 19:57:47,2023-09-26 19:57:47
479,"tal-imp-renta","tir0010",0,2023-09-26 19:57:47,2023-09-26 19:57:47
480,"deep-learning","dly0100",0,2023-09-26 19:57:47,2023-09-26 19:57:47
481,"fundamentos-de-machine-learning","fmy0100",0,2023-09-26 19:57:48,2023-09-26 19:57:48
482,"mantenimiento-mvp-del-area-agricola","mai0101",0,2023-09-26 19:57:48,2023-09-26 19:57:48
483,"herramientas-aplicadas-al-mantenimiento","mai1131",1,2023-09-26 19:57:48,2023-09-26 19:57:48
484,"mantenimiento-automotriz","mai1121",1,2023-09-26 19:57:48,2023-09-26 19:57:48
485,"autotronica-circuitos-corriente-continua","mai1111",1,2023-09-26 19:57:48,2023-09-26 19:57:48
486,"soluciones-electronicas-para-mvp","mvi7121",7,2023-09-26 19:57:48,2023-09-26 19:57:48
487,"calidad-en-las-operaciones","mvi5131",5,2023-09-26 19:57:48,2023-09-26 19:57:48
488,"operacion-de-maquinaria","ogh4301",4,2023-09-26 19:57:48,2023-09-26 19:57:48
489,"instrumentacion-industrial","eai1122",1,2023-09-26 19:57:48,2023-09-26 19:57:48
490,"corriente-continua","eai1102",1,2023-09-26 19:57:48,2023-09-26 19:57:48
491,"gestion-de-proyectos-ii","gdp2505",7,2023-09-26 19:57:49,2023-09-26 19:57:49
492,"sistema-de-informacion-en-salud","ibs5114",5,2023-09-26 19:57:49,2023-09-26 19:57:49
493,"soporte-de-software","ibs3114",3,2023-09-26 19:57:49,2023-09-26 19:57:49
494,"esp-biomedica","esp1710",7,2023-09-26 19:57:50,2023-09-26 19:57:50
495,"ingles-intermedio-i","inu5101",6,2023-09-26 19:57:50,2023-09-26 19:57:50
496,"etica-profesional","eas5045",5,2023-09-26 19:57:50,2023-09-26 19:57:50
497,"discalculo-de-mallas-a-tierra-y-protecc","dmp4101",4,2023-09-26 19:57:50,2023-09-26 19:57:50
498,"actuadores-y-sensores","mvi3111",3,2023-09-26 19:57:51,2023-09-26 19:57:51
499,"formulacion-y-evaluacion-de-proyectos","fep7301",7,2023-09-26 19:57:51,2023-09-26 19:57:51
500,"autoconocimiento-emocional","fpc001",0,2023-09-26 19:57:51,2023-09-26 19:57:51
501,"analisis-de-sistemas-de-energia-electric","see5101",5,2023-09-26 19:57:51,2023-09-26 19:57:51
502,"diseno-de-proyectos-electricos","dpe5101",5,2023-09-26 19:57:51,2023-09-26 19:57:51
503,"lubricantes-y-combustibles","mvi5111",5,2023-09-26 19:57:51,2023-09-26 19:57:51
504,"administracion","mvi5121",5,2023-09-26 19:57:51,2023-09-26 19:57:51
505,"gestion-de-proyectos-i","gdp1470",5,2023-09-26 19:57:51,2023-09-26 19:57:51
506,"mecanica-de-motores-mvp","mvi3121",3,2023-09-26 19:57:51,2023-09-26 19:57:51
507,"consultas-de-bases-de-datos","mdy2131",2,2023-09-26 19:57:52,2023-09-26 19:57:52
508,"tecnicas-basicas-de-enfermeria","ebs1111",1,2023-09-26 19:57:53,2023-09-26 19:57:53
509,"anatomia-y-fisiologia","afs1111",1,2023-09-26 19:57:53,2023-09-26 19:57:53
510,"big-data","biy7132",7,2023-09-26 19:57:53,2023-09-26 19:57:53
511,"mineria-de-datos","biy7122",7,2023-09-26 19:57:53,2023-09-26 19:57:53
512,"protocolos-de-bioseguridad","css1122",3,2023-09-26 19:57:53,2023-09-26 19:57:53
513,"nivelacion-matematica","mat1110",0,2023-09-26 19:57:53,2023-09-26 19:57:53
514,"portafolio-de-titulo","pti1481",5,2023-09-26 19:57:54,2023-09-26 19:57:54
515,"tecnicas-de-ensayos-predictivos","mei3442",3,2023-09-26 19:57:54,2023-09-26 19:57:54
516,"composicion-y-comportamiento-de-material","ccm7301",7,2023-09-26 19:57:54,2023-09-26 19:57:54
517,"gestion-de-recursos-humanos","grh7101",7,2023-09-26 19:57:54,2023-09-26 19:57:54
518,"sol-en-monitoreo-por-condicion-para-mvp","mvi7131",7,2023-09-26 19:57:55,2023-09-26 19:57:55
519,"soluciones-electrohidraulicas-para-mvp","mvi7111",7,2023-09-26 19:57:55,2023-09-26 19:57:55
520,"inversores-y-acumuladores","ias2201",0,2023-09-26 19:57:55,2023-09-26 19:57:55
521,"tecnicas-de-soldadura-aplicadas-a-mvp","sai0101",0,2023-09-26 19:57:55,2023-09-26 19:57:55
522,"talento-y-creatividad","tlc0010",0,2023-09-26 19:57:55,2023-09-26 19:57:55
523,"tratlegdatos-salud","tds010",0,2023-09-26 19:57:56,2023-09-26 19:57:56
524,"practica-clinica-ii","pls5104",4,2023-09-26 19:57:56,2023-09-26 19:57:56
525,"anatomia-fisiologia-y-patol-gral-esto","eos1141",1,2023-09-26 19:57:56,2023-09-26 19:57:56
526,"bioseguridad-en-la-atencion-clinica","ebs1121",1,2023-09-26 19:57:57,2023-09-26 19:57:57
527,"reportes-de-informacion-biomedica","ibs5124",5,2023-09-26 19:57:57,2023-09-26 19:57:57
528,"bioestadistica-y-epidemiologia","bes1111",3,2023-09-26 19:57:57,2023-09-26 19:57:57
529,"mantenimiento-de-sistemas-hidraulicos-y","mei3122",3,2023-09-26 19:57:58,2023-09-26 19:57:58
530,"contabilidad-para-la-gestion","cpg7301",7,2023-09-26 19:57:58,2023-09-26 19:57:58
531,"fund-segindustrial","fsp1001",4,2023-09-26 19:57:58,2023-09-26 19:57:58
532,"tec-predictivas-de-mant-para-mvp","tpi0101",0,2023-09-26 19:57:59,2023-09-26 19:57:59
533,"diseno-de-prototipos","pry2111",2,2023-09-26 19:58:00,2023-09-26 19:58:00
534,"manejo-de-equipos-e-instrumental-odontol","mos1121",1,2023-09-26 19:58:01,2023-09-26 19:58:01
535,"electrocontrol","mei3132",3,2023-09-26 19:58:02,2023-09-26 19:58:02
536,"voleibol","vol0010",0,2023-09-26 19:58:03,2023-09-26 19:58:03
537,"gestion-de-garantias","gdg7301",7,2023-09-26 19:58:03,2023-09-26 19:58:03
538,"confdispositivos-de-electr-de-potencia","dep5101",5,2023-09-26 19:58:03,2023-09-26 19:58:03
539,"busqueda-efectiva-de-info-en-la-web","biw0020",0,2023-09-26 19:58:06,2023-09-26 19:58:06
540,"creacion-y-comunicacion-de-cont-digital","ccd0020",0,2023-09-26 19:58:06,2023-09-26 19:58:06
541,"mantenimiento-de-sistemas-mecanicos","mei3112",3,2023-09-26 19:58:07,2023-09-26 19:58:07
542,"habilidades-de-comunicacion-efectiva","plc2101",2,2023-09-26 19:58:09,2023-09-26 19:58:09
543,"proceso-de-portafolio-2","api2476",2,2023-09-26 19:58:09,2023-09-26 19:58:09
544,"practica-profesional","pps8803",8,2023-09-26 19:58:09,2023-09-26 19:58:09
545,"proceso-de-portafolio-final","pi41480",4,2023-09-26 19:58:09,2023-09-26 19:58:09
546,"proceso-de-portafolio-final","pi41471",4,2023-09-26 19:58:09,2023-09-26 19:58:09
547,"proceso-de-portafolio-6","api6470",6,2023-09-26 19:58:09,2023-09-26 19:58:09
548,"proceso-de-portafolio-4","api4470",4,2023-09-26 19:58:09,2023-09-26 19:58:09
549,"proceso-de-portafolio-2","api2470",2,2023-09-26 19:58:09,2023-09-26 19:58:09
550,"calidad-medio-ambiental","mvi6131",6,2023-09-26 19:58:09,2023-09-26 19:58:09
551,"normas-medio-ambientales-y-legislacion","nml8301",8,2023-09-26 19:58:09,2023-09-26 19:58:09
552,"fundamentos-de-antropologia","fce1100",2,2023-09-26 19:58:09,2023-09-26 19:58:09
553,"etica-para-el-trabajo","eay4450",4,2023-09-26 19:58:09,2023-09-26 19:58:09
554,"etica-para-el-trabajo","eas5040",4,2023-09-26 19:58:09,2023-09-26 19:58:09
555,"etica-para-el-trabajo","eai4810",4,2023-09-26 19:58:09,2023-09-26 19:58:09
556,"etica-para-el-trabajo","eai4710",4,2023-09-26 19:58:09,2023-09-26 19:58:09
557,"proceso-de-portafolio-final","py41447",4,2023-09-26 19:58:09,2023-09-26 19:58:09
558,"proceso-de-portafolio-4","apy4461",4,2023-09-26 19:58:09,2023-09-26 19:58:09
559,"proceso-de-portafolio-2","apy2447",2,2023-09-26 19:58:09,2023-09-26 19:58:09
560,"practica-profesional","ppy4614",8,2023-09-26 19:58:09,2023-09-26 19:58:09
561,"capstone","pty4614",8,2023-09-26 19:58:09,2023-09-26 19:58:09
562,"servicios-convergentes-voz-video-y-dat","asy4142",4,2023-09-26 19:58:09,2023-09-26 19:58:09
563,"proceso-de-portafolio-final","ps41508",4,2023-09-26 19:58:09,2023-09-26 19:58:09
564,"asistencia-en-rehabilitacion-oral","eos4111",4,2023-09-26 19:58:09,2023-09-26 19:58:09
565,"asistencia-en-ortodoncia-y-ortopedia","eos4141",4,2023-09-26 19:58:09,2023-09-26 19:58:09
566,"direccion-suspension-y-frenos","mai2131",2,2023-09-26 19:58:10,2023-09-26 19:58:10
567,"ingles-basico-ii","inu2101",2,2023-09-26 19:58:10,2023-09-26 19:58:10
568,"ingles-intermedio","ini5111",6,2023-09-26 19:58:10,2023-09-26 19:58:10
569,"integrated-english-practice","esp1513",6,2023-09-26 19:58:10,2023-09-26 19:58:10
570,"ingles-basico-ii","inu2101",4,2023-09-26 19:58:10,2023-09-26 19:58:10
571,"ingles-elemental-ii","inu4101",4,2023-09-26 19:58:10,2023-09-26 19:58:10
572,"ingles-intermedio-ii","inu411",6,2023-09-26 19:58:10,2023-09-26 19:58:10
573,"ingles-intermedio-ii","inu411",4,2023-09-26 19:58:10,2023-09-26 19:58:10
574,"proceso-de-portafolio-final","pi41418",4,2023-09-26 19:58:10,2023-09-26 19:58:10
575,"proceso-de-portafolio-6","api6463",6,2023-09-26 19:58:10,2023-09-26 19:58:10
576,"proceso-de-portafolio-4","api4463",4,2023-09-26 19:58:10,2023-09-26 19:58:10
577,"proceso-de-portafolio-2","api2463",2,2023-09-26 19:58:10,2023-09-26 19:58:10
578,"costos-y-presupuestos","mai6111",6,2023-09-26 19:58:10,2023-09-26 19:58:10
579,"gestion-de-proyectos-i","gdp1463",6,2023-09-26 19:58:10,2023-09-26 19:58:10
580,"portafolio-de-titulo","pti4633",8,2023-09-26 19:58:10,2023-09-26 19:58:10
581,"proceso-de-portafolio-2","aps2501",2,2023-09-26 19:58:10,2023-09-26 19:58:10
582,"administracion-de-farmacos","ebs2111",2,2023-09-26 19:58:10,2023-09-26 19:58:10
583,"practica-clinica-iii","pls5013",4,2023-09-26 19:58:11,2023-09-26 19:58:11
584,"ingles-intermedio-ii","inu6101",6,2023-09-26 19:58:11,2023-09-26 19:58:11
585,"manejo-de-biomateriales-odontologicos","mos2111",2,2023-09-26 19:58:11,2023-09-26 19:58:11
586,"practica-profesional","pps8402",8,2023-09-26 19:58:11,2023-09-26 19:58:11
587,"practica-profesional","pps5045",8,2023-09-26 19:58:11,2023-09-26 19:58:11
588,"practica-profesional","ppi4633",8,2023-09-26 19:58:11,2023-09-26 19:58:11
589,"proceso-de-portafolio-2","api2480",2,2023-09-26 19:58:11,2023-09-26 19:58:11
590,"rendimiento-del-motor-y-dinamometro","mvi6111",6,2023-09-26 19:58:11,2023-09-26 19:58:11
591,"sistemas-inyeccion-diesel","mvi2121",2,2023-09-26 19:58:11,2023-09-26 19:58:11
592,"direccion-suspension-y-frenos","mvi2131",2,2023-09-26 19:58:11,2023-09-26 19:58:11
593,"soporte-en-redes-de-fibra-optica","sry2132",2,2023-09-26 19:58:11,2023-09-26 19:58:11
594,"operaciones-en-ciberseguridad-ccna-cybe","csy4132",4,2023-09-26 19:58:11,2023-09-26 19:58:11
595,"sistema-operativo-servidor","sry2142",2,2023-09-26 19:58:11,2023-09-26 19:58:11
596,"codificacion-en-informacion-clinica","ibs6114",6,2023-09-26 19:58:11,2023-09-26 19:58:11
597,"inteligencia-de-negocios","biy6122",6,2023-09-26 19:58:11,2023-09-26 19:58:11
598,"herramientas-para-el-emprendimiento","emp2103",6,2023-09-26 19:58:11,2023-09-26 19:58:11
599,"etica-profesional","eay4615",6,2023-09-26 19:58:11,2023-09-26 19:58:11
600,"bioseguridad-y-ergonomia-clinica","bos2121",2,2023-09-26 19:58:12,2023-09-26 19:58:12
601,"calefaccion-ac-y-clima","cas8401",8,2023-09-26 19:58:12,2023-09-26 19:58:12
602,"procesos-industriales","eai6122",6,2023-09-26 19:58:12,2023-09-26 19:58:12
603,"principios-de-la-robotica","rbi0101",0,2023-09-26 19:58:12,2023-09-26 19:58:12
604,"corriente-alterna","eai2112",2,2023-09-26 19:58:12,2023-09-26 19:58:12
605,"proceso-de-portafolio-6","apy6461",6,2023-09-26 19:58:12,2023-09-26 19:58:12
606,"desarrollo-de-software-de-escritorio","pgy2121",2,2023-09-26 19:58:12,2023-09-26 19:58:12
607,"arquitectura","asy4131",4,2023-09-26 19:58:12,2023-09-26 19:58:12
608,"mentalidad-emprendedora","emp1101",4,2023-09-26 19:58:12,2023-09-26 19:58:12
609,"electronica-automotriz-y-multiplexado","mai4111",4,2023-09-26 19:58:12,2023-09-26 19:58:12
610,"laboratorio-de-movilidad-electrica","mai4121",4,2023-09-26 19:58:12,2023-09-26 19:58:12
611,"diagnostico-electronico-de-sistemas","mai4131",4,2023-09-26 19:58:12,2023-09-26 19:58:12
612,"ingles-intermedio","ini5111",4,2023-09-26 19:58:12,2023-09-26 19:58:12
613,"practica-clinica-i","pls5011",2,2023-09-26 19:58:13,2023-09-26 19:58:13
614,"cuidados-de-enfermeria-maternoneonatal","ces2111",2,2023-09-26 19:58:13,2023-09-26 19:58:13
615,"habilidades-para-el-trabajo","hes4111",4,2023-09-26 19:58:13,2023-09-26 19:58:13
616,"control-automatico","eai6132",6,2023-09-26 19:58:13,2023-09-26 19:58:13
617,"proceso-de-portafolio-2","api2418",2,2023-09-26 19:58:13,2023-09-26 19:58:13
618,"instalaciones-domiciliarias-telco-y-wifi","iny2122",2,2023-09-26 19:58:13,2023-09-26 19:58:13
619,"soluciones-inalambricas","ary4122",4,2023-09-26 19:58:14,2023-09-26 19:58:14
620,"lineas-de-inspeccion-tecnica","mai4141",4,2023-09-26 19:58:14,2023-09-26 19:58:14
621,"algebra","mat2110",2,2023-09-26 19:58:14,2023-09-26 19:58:14
622,"habilidades-del-lenguaje-matematico","mat1130",2,2023-09-26 19:58:14,2023-09-26 19:58:14
623,"proceso-de-portafolio-final","ps41501",4,2023-09-26 19:58:14,2023-09-26 19:58:14
624,"cuidados-de-enfermeria-en-salud-mental","ces4111",4,2023-09-26 19:58:14,2023-09-26 19:58:14
625,"promocion-y-prevencion-de-la-salud","pms4111",4,2023-09-26 19:58:14,2023-09-26 19:58:14
626,"gestion-de-proyectos-ii","gdp4475",6,2023-09-26 19:58:15,2023-09-26 19:58:15
627,"hidraulica-y-neumatica","eai2122",2,2023-09-26 19:58:15,2023-09-26 19:58:15
628,"portafolio-de-titulo","pts5035",4,2023-09-26 19:58:15,2023-09-26 19:58:15
629,"internado","pps5035",4,2023-09-26 19:58:15,2023-09-26 19:58:15
630,"proceso-de-portafolio-2","aps2503",2,2023-09-26 19:58:15,2023-09-26 19:58:15
631,"diagnostico-y-reparacion-de-hyn","mvi4131",4,2023-09-26 19:58:15,2023-09-26 19:58:15
632,"sistemas-hidraulicos-y-neumaticos","mei2122",2,2023-09-26 19:58:15,2023-09-26 19:58:15
633,"gestion-de-proyectos-informaticos","gpy6111",6,2023-09-26 19:58:15,2023-09-26 19:58:15
634,"calidad-de-software","csy4111",4,2023-09-26 19:58:15,2023-09-26 19:58:15
635,"tecnologias-de-generacion-solar-y-eolica","eri2141",2,2023-09-26 19:58:16,2023-09-26 19:58:16
636,"inspeccion-tecnica-de-obras-de-sistemas","eri4121",4,2023-09-26 19:58:16,2023-09-26 19:58:16
637,"portafolio-de-titulo","pti4751",8,2023-09-26 19:58:16,2023-09-26 19:58:16
638,"diseno-de-instalaciones-electricas-de-ba","eai4112",4,2023-09-26 19:58:16,2023-09-26 19:58:16
639,"evaluacion-de-proyectos","evp6101",6,2023-09-26 19:58:16,2023-09-26 19:58:16
640,"mantenimiento-de-instalaciones-electrica","eai4122",4,2023-09-26 19:58:16,2023-09-26 19:58:16
641,"electricidad-mvp","mvi2111",2,2023-09-26 19:58:17,2023-09-26 19:58:17
642,"electronica-mvp-y-multiplexado","mvi4111",4,2023-09-26 19:58:17,2023-09-26 19:58:17
643,"proceso-de-portafolio-final","pi41476",4,2023-09-26 19:58:17,2023-09-26 19:58:17
644,"proceso-de-portafolio-4","api4475",4,2023-09-26 19:58:17,2023-09-26 19:58:17
645,"estudeficenergen-procesos-industriale","eep6101",6,2023-09-26 19:58:17,2023-09-26 19:58:17
646,"inspeccion-tecnica-de-obras-y-seguridad","ito4101",4,2023-09-26 19:58:17,2023-09-26 19:58:17
647,"procesos-y-componentes-industriales","mei4132",4,2023-09-26 19:58:17,2023-09-26 19:58:17
648,"electrotecnia-ii","eri2111",2,2023-09-26 19:58:17,2023-09-26 19:58:17
649,"fisica-y-sus-aplicaciones","mvi2141",2,2023-09-26 19:58:17,2023-09-26 19:58:17
650,"proceso-de-portafolio-4","apy4462",4,2023-09-26 19:58:17,2023-09-26 19:58:17
651,"proceso-de-portafolio-2","apy2462",2,2023-09-26 19:58:17,2023-09-26 19:58:17
652,"proceso-de-portafolio-2","apy2461",2,2023-09-26 19:58:17,2023-09-26 19:58:17
653,"seguridad-en-sistemas-computacionales","asy6131",6,2023-09-26 19:58:17,2023-09-26 19:58:17
654,"asistencia-en-odontopediatria","eos4131",4,2023-09-26 19:58:17,2023-09-26 19:58:17
655,"atencion-de-enfermeria-medico-quirurgica","ces2121",2,2023-09-26 19:58:17,2023-09-26 19:58:17
656,"redes-escalables-y-wan","ary4112",4,2023-09-26 19:58:18,2023-09-26 19:58:18
657,"conectividad-esencial","vty2112",2,2023-09-26 19:58:18,2023-09-26 19:58:18
658,"etica-profesional","eai4705",6,2023-09-26 19:58:18,2023-09-26 19:58:18
659,"electricidad-automotriz","mai2121",2,2023-09-26 19:58:18,2023-09-26 19:58:18
660,"estadistica-descriptiva","mat4140",4,2023-09-26 19:58:18,2023-09-26 19:58:18
661,"matematica-aplicada","mat2120",2,2023-09-26 19:58:18,2023-09-26 19:58:18
662,"herramientas-de-analisis-para-la-gestion","mat4120",2,2023-09-26 19:58:18,2023-09-26 19:58:18
663,"autotronica-circuitos-electronicos","mai2111",2,2023-09-26 19:58:18,2023-09-26 19:58:18
664,"proceso-de-portafolio-6","api6475",6,2023-09-26 19:58:18,2023-09-26 19:58:18
665,"proceso-de-portafolio-2","aps2508",2,2023-09-26 19:58:18,2023-09-26 19:58:18
666,"gest-informatica-de-servicios-odontolog","gos2131",2,2023-09-26 19:58:19,2023-09-26 19:58:19
667,"tecnicas-de-primeros-auxilios","axs1102",2,2023-09-26 19:58:19,2023-09-26 19:58:19
668,"portafolio-de-titulo","pts5045",8,2023-09-26 19:58:19,2023-09-26 19:58:19
669,"ingenieria-de-software","pry3111",4,2023-09-26 19:58:19,2023-09-26 19:58:19
670,"diseno-y-gestion-de-requisitos","pry1111",2,2023-09-26 19:58:19,2023-09-26 19:58:19
671,"internado","pps5025",4,2023-09-26 19:58:20,2023-09-26 19:58:20
672,"tecnicas-en-laboratorio-clinico","lcs2111",2,2023-09-26 19:58:20,2023-09-26 19:58:20
673,"proceso-de-portafolio-2","aps2502",2,2023-09-26 19:58:20,2023-09-26 19:58:20
674,"practica-clinica-i","pls5021",2,2023-09-26 19:58:20,2023-09-26 19:58:20
675,"sistemas-de-control-seguridad-y-confort","mvi4141",4,2023-09-26 19:58:20,2023-09-26 19:58:20
676,"mecanica-de-motos","mai2141",2,2023-09-26 19:58:20,2023-09-26 19:58:20
677,"diagnostico-y-monitoreo-electromecanico","mei4122",4,2023-09-26 19:58:20,2023-09-26 19:58:20
678,"matenimiento-de-sistemas-electricos-y-el","mei4112",4,2023-09-26 19:58:20,2023-09-26 19:58:20
679,"principios-de-mantenimiento","mei2112",2,2023-09-26 19:58:20,2023-09-26 19:58:20
680,"gestion-de-equipos-en-terreno","mei4142",4,2023-09-26 19:58:20,2023-09-26 19:58:20
681,"instalaciones-electricas","eri2121",2,2023-09-26 19:58:20,2023-09-26 19:58:20
682,"portafolio-de-titulo","pti4753",8,2023-09-26 19:58:21,2023-09-26 19:58:21
683,"asesoria-de-servicios-automotrices","mai6131",6,2023-09-26 19:58:21,2023-09-26 19:58:21
684,"practica-profesional","ppi4753",8,2023-09-26 19:58:21,2023-09-26 19:58:21
685,"inteligencia-de-negocios","biy6121",6,2023-09-26 19:58:21,2023-09-26 19:58:21
686,"asistencia-en-periodoncia","eos4121",4,2023-09-26 19:58:21,2023-09-26 19:58:21
687,"promocion-y-prevencion-en-salud-bucal","pos2141",2,2023-09-26 19:58:21,2023-09-26 19:58:21
688,"etica-profesional","fet212",6,2023-09-26 19:58:22,2023-09-26 19:58:22
689,"diseno-de-instalaciones-electricas-media","eai6112",6,2023-09-26 19:58:22,2023-09-26 19:58:22
690,"proceso-de-portafolio-2","api2475",2,2023-09-26 19:58:22,2023-09-26 19:58:22
691,"calculo-diferencial","mat3111",4,2023-09-26 19:58:22,2023-09-26 19:58:22
692,"algebra-y-trigonometria","mat2130",2,2023-09-26 19:58:22,2023-09-26 19:58:22
693,"portafolio-de-titulo","pft8401",8,2023-09-26 19:58:23,2023-09-26 19:58:23
694,"proyecto-de-sistemas-de-energias-renovab","eri4111",4,2023-09-26 19:58:23,2023-09-26 19:58:23
695,"sistemas-hibridos-de-generacion","eri4131",4,2023-09-26 19:58:23,2023-09-26 19:58:23
696,"tecnologias-de-generacion-termica","eri2131",2,2023-09-26 19:58:23,2023-09-26 19:58:23
697,"proyecto-de-ingenieria","pts8401",8,2023-09-26 19:58:23,2023-09-26 19:58:23
698,"sistemas-de-transmision","mvi4121",4,2023-09-26 19:58:23,2023-09-26 19:58:23
699,"rendimiento-de-maquinas","rdm8301",8,2023-09-26 19:58:23,2023-09-26 19:58:23
700,"electrotecnia","mei2132",2,2023-09-26 19:58:23,2023-09-26 19:58:23
701,"configuracion-de-redes","eai4132",4,2023-09-26 19:58:23,2023-09-26 19:58:23
702,"programacion-de-base-de-datos","mdy3131",4,2023-09-26 19:58:24,2023-09-26 19:58:24
703,"modelamiento-de-base-de-datos","mdy1131",2,2023-09-26 19:58:24,2023-09-26 19:58:24
704,"planilla-de-calculo-avanzado","tic2505",4,2023-09-26 19:58:24,2023-09-26 19:58:24
705,"sistvigil-epidemio","sve010",0,2023-09-26 19:58:24,2023-09-26 19:58:24
706,"proceso-de-portafolio-2","api2471",2,2023-09-26 19:58:26,2023-09-26 19:58:26
707,"ingles-avanzado-ii","inu611",6,2023-09-26 19:58:26,2023-09-26 19:58:26
708,"mantenimiento-y-logistica-de-repuestos-m","mvi6121",6,2023-09-26 19:58:27,2023-09-26 19:58:27
709,"programacion-de-aplicaciones-moviles","pgy4121",4,2023-09-26 19:58:27,2023-09-26 19:58:27
710,"ejec-posiciona-equipo-y-paciente-image","eis2111",2,2023-09-26 19:58:28,2023-09-26 19:58:28
711,"sistemas-de-seguridad-y-confort","scs8401",8,2023-09-26 19:58:29,2023-09-26 19:58:29
712,"proceso-de-portafolio-final","ps41510",4,2023-09-26 19:58:29,2023-09-26 19:58:29
713,"toxicologia-en-preparacion-de-productos","eps4122",4,2023-09-26 19:58:29,2023-09-26 19:58:29
714,"elaboracion-de-preparados-magistrales-y","eps4112",4,2023-09-26 19:58:29,2023-09-26 19:58:29
715,"practica-profesional","ppi4704",8,2023-09-26 19:58:30,2023-09-26 19:58:30
716,"proceso-de-portafolio-final","pi41481",4,2023-09-26 19:58:30,2023-09-26 19:58:30
717,"proceso-de-portafolio-2","api2481",2,2023-09-26 19:58:30,2023-09-26 19:58:30
718,"portafolio-de-titulo","pts8803",8,2023-09-26 19:58:30,2023-09-26 19:58:30
719,"mantenimiento-de-instalaciones-electrica","eai4122",3,2023-09-26 19:58:30,2023-09-26 19:58:30
720,"mantenimiento-y-logistica-de-repuestos","mai6121",6,2023-09-26 19:58:31,2023-09-26 19:58:31
721,"proceso-de-portafolio-2","aps2510",2,2023-09-26 19:58:31,2023-09-26 19:58:31
722,"prod-en-ind-quimica-cosmetica-y-farma","pfs2125",2,2023-09-26 19:58:31,2023-09-26 19:58:31
723,"analisis-microbiologico-en-la-industria","pfs2113",2,2023-09-26 19:58:31,2023-09-26 19:58:31
724,"automatizacion-de-pruebas","api0101",0,2023-09-26 19:58:32,2023-09-26 19:58:32
725,"programacion-de-algoritmos","pay2152",2,2023-09-26 19:58:32,2023-09-26 19:58:32
726,"portafolio-de-titulo","pti4704",8,2023-09-26 19:58:33,2023-09-26 19:58:33
727,"gestion-de-proyectos-ii","gdp2470",6,2023-09-26 19:58:33,2023-09-26 19:58:33
728,"emprendimiento-e-innovacion","pei110",4,2023-09-26 19:58:33,2023-09-26 19:58:33
729,"machine-learning","mly0100",0,2023-09-26 19:58:33,2023-09-26 19:58:33
730,"ajedrez","aje0010",0,2023-09-26 19:58:33,2023-09-26 19:58:33
731,"gestion-de-la-prodasistida-por-computad","scd6101",6,2023-09-26 19:58:33,2023-09-26 19:58:33
732,"proceso-de-portafolio-6","aps6504",6,2023-09-26 19:58:33,2023-09-26 19:58:33
733,"proceso-de-portafolio-4","aps4504",4,2023-09-26 19:58:33,2023-09-26 19:58:33
734,"proceso-de-portafolio-2","aps2504",2,2023-09-26 19:58:34,2023-09-26 19:58:34
735,"gestion-de-proyectos-i","gdp1505",6,2023-09-26 19:58:34,2023-09-26 19:58:34
736,"informatica-en-la-atencion-del-paciente","ips0101",4,2023-09-26 19:58:34,2023-09-26 19:58:34
737,"portafolio-de-titulo","pts5025",4,2023-09-26 19:58:35,2023-09-26 19:58:35
738,"preparacion-de-banco-de-sangre","bss2111",2,2023-09-26 19:58:35,2023-09-26 19:58:35
739,"almacenam-y-distribucion-farmaceutica","lfs2112",2,2023-09-26 19:58:35,2023-09-26 19:58:35
740,"farmacologia","avs2132",2,2023-09-26 19:58:35,2023-09-26 19:58:35
741,"practica-profesional","ppf7461",7,2023-09-26 19:58:36,2023-09-26 19:58:36
742,"gestion-de-empresas-automotrices","ges8401",8,2023-09-26 19:58:36,2023-09-26 19:58:36
743,"modelos-sanitarios","ibs4114",4,2023-09-26 19:58:36,2023-09-26 19:58:36
744,"terminologia-clinica","css2112",2,2023-09-26 19:58:36,2023-09-26 19:58:36
745,"adminis-operacional-y-control-de-flotas","aop8301",8,2023-09-26 19:58:38,2023-09-26 19:58:38
746,"medicina-nuclear","nrs2111",2,2023-09-26 19:58:39,2023-09-26 19:58:39
747,"proyecto-de-ingenieria","pdi8301",8,2023-09-26 19:58:39,2023-09-26 19:58:39
748,"gestion-comercial-de-empresas-mvp","gce8301",8,2023-09-26 19:58:39,2023-09-26 19:58:39
